region_id,actual_yield_2022,predicted_yield_2022
1,188.94129443938013,187.73597233540167
2,188.025468164794,190.92319682258093
3,193.66527144374336,189.17597913330025
4,200.0,188.93338364837976
5,198.73898305084745,203.33619306790789
6,184.0,178.70989936818245
